QRCode;Linha;OP;Produto;Descrição;Sintoma;Origem;Qtd.;Usuário_Solicitante;Dt.Solicitação;Usuário_Aprov/Reprov;Dt.Aprov/Reprov;Status
9407;GABINETE01;2310;200209030000350;PlasticsD195LCD;VISORTRINCADO;Fornecedor;11;henrique.rocha;31/10/202216:28:37;gabriel.trusman;01/11/202207:31:47;Aprovado
9413;GABINETE01;2310;200209030000350;PlasticsD195LCD;VISOR C/ FALHA INJEÇÃO;Fornecedor;5;henrique.rocha;31/10/202216:33:03;gabriel.trusman;01/11/202207:31:50;Aprovado
9415;GABINETE01;2310;200209030000350;PlasticsD195LCD;VISORCOMMANCHA;Fornecedor;1;henrique.rocha;31/10/202216:34:26;gabriel.trusman;01/11/202207:32:03;Aprovado
9423;GABINETE01;2310;200209030000350;PlasticsD195LCD;VISORCOMRISCO;Fornecedor;4;henrique.rocha;31/10/202216:41:24;gabriel.trusman;01/11/202207:32:05;Aprovado
9424;GABINETE01;2310;2002090100N0009;GABINETE DE PLASTICO FRONTAL D195;GABINETEDANIFICADO;Fornecedor;1;henrique.rocha;31/10/202216:42:36;gabriel.trusman;01/11/202207:32:07;Aprovado
9425;GABINETE01;2305;2002090100N1002;GABINETEFRONTALD195GETNET;GABINETEC/FALHAINJEďż˝ďż˝OPLAST;Fornecedor;1;henrique.rocha;31/10/202216:45:20;gabriel.trusman;01/11/202207:32:10;Aprovado
9426;GABINETE01;2310;200209030000350;PlasticsD195LCD;FALHANASERIGRAFIA;Fornecedor;2;henrique.rocha;31/10/202216:46:34;gabriel.trusman;01/11/202207:32:12;Aprovado
9428;GABINETE01;2310;200209030000350;PlasticsD195LCD;VISOR C/ FALHA INJEÇÃO;Fornecedor;1;henrique.rocha;31/10/202216:48:24;gabriel.trusman;01/11/202207:32:16;Aprovado
9431;GABINETE01;2306;2002090100N0069;GABINETEFRONTALDEPLASTICOS920PRETO17LB;GABINETEDANIFICADO;Fornecedor;1;henrique.rocha;31/10/202216:52:11;gabriel.trusman;01/11/202207:32:19;Aprovado
9433;GABINETE01;2310;20010117CAD0002;PLACADECIRCUITOIMPRESSOMONTADAD195CLANTV03MONTADACALLIDUS;ANTENADANIFICADA;FasePSA;5;henrique.rocha;31/10/202216:53:57;gabriel.trusman;01/11/202207:32:21;Aprovado
9435;GABINETE01;2310;200209030000350;PlasticsD195LCD;VISORCOMRISCO;FasePSA9;henrique.rocha;31/10/202217:01:52;gabriel.trusman;01/11/202207:32:24;Aprovado
9463;PSALINHA08;2298;200209010000002;CONJ. GABINETE FRONTAL Q92S PAG SEGURO MONTADO;IMAGEMANORMAL;Yamada;5;ana.cardoso;01/11/202208:45:10;Deine.Costa;04/11/202209:48:46;Aprovado
9464;PSALINHA08;2298;200209010000002;CONJ. GABINETE FRONTAL Q92S PAG SEGURO MONTADO;TOUCHSCREENNďż˝OATUA(TP);Yamada;6;ana.cardoso;01/11/202208:45:39;Deine.Costa;04/11/202209:48:50;Aprovado
9465;PSALINHA08;2298;200209010000002;CONJ. GABINETE FRONTAL Q92S PAG SEGURO MONTADO;GABINETEESPANADO;FasePSA;2;ana.cardoso;01/11/202208:46:28;Deine.Costa;04/11/202209:48:53;Aprovado
9466;PSALINHA04;2286;200209010000002;CONJ. GABINETE FRONTAL Q92S PAG SEGURO MONTADO;TOUCHSCREENNďż˝OATUA(TP);PaxChina;4;alessandro.azevedo;01/11/202208:46:40;Deine.Costa;04/11/202209:51:31;Aprovado
9467;PSALINHA08;2298;200209010000002;CONJ. GABINETE FRONTAL Q92S PAG SEGURO MONTADO;VISORDANIFICADO;FasePSA;2;ana.cardoso;01/11/202208:47:16;Deine.Costa;04/11/202209:48:54;Aprovado
9471;PSALINHA04;2286;200209020000003;CONJ.GABINETETRASEIROQ92SPAGSEGUROMONTADO;SEMďż˝UDIO;PaxChina;1;alessandro.azevedo;01/11/202208:48:25;Deine.Costa;04/11/202209:51:41;Aprovado
9472;PSALINHA04;2286;200209020000003;CONJ.GABINETETRASEIROQ92SPAGSEGUROMONTADO;CORFORADOPADRďż˝O;Yamada;1;alessandro.azevedo;01/11/202208:48:52;Deine.Costa;04/11/202209:51:50;Aprovado
9473;PSALINHA04;2286;200212000000420;ANTENAQ92V24GMAINV01.FPCYIJIA;COMPONENTEPSADANIFICADO;Retrabalho;1;alessandro.azevedo;01/11/202208:49:32;Deine.Costa;04/11/202209:51:53;Aprovado
9474;PSALINHA04;2286;200212000000421;ANTENAQ92V24GDIVV01.FPCYIJIA;COMPONENTEPSADANIFICADO;Retrabalho;1;alessandro.azevedo;01/11/202208:49:52;Deine.Costa;04/11/202209:51:57;Aprovado
9475;PSALINHA08;2298;200209010000002;CONJ. GABINETE FRONTAL Q92S PAG SEGURO MONTADO;TOUCHSCREENNďż˝OATUA(TP);Yamada;8;ana.cardoso;01/11/202208:54:44;Deine.Costa;04/11/202209:48:55;Aprovado
9476;PSALINHA08;2298;200209010000002;CONJ. GABINETE FRONTAL Q92S PAG SEGURO MONTADO;IMAGEMANORMAL;Yamada;1;ana.cardoso;01/11/202208:55:12;Deine.Costa;04/11/202209:48:56;Aprovado
9477;PSALINHA04;2286;200209120000276;Q92blackprinterbracketBRPCABS;COMPONENTEPSADANIFICADO;FasePSA;2;alessandro.azevedo;01/11/202208:55:33;Deine.Costa;04/11/202209:52:04;Aprovado
9478;PSALINHA08;2298;200209010000002;CONJ. GABINETE FRONTAL Q92S PAG SEGURO MONTADO;TOUCHSCREENNďż˝OATUA(TP);Yamada;1;ana.cardoso;01/11/202208:55:49;Deine.Costa;04/11/202209:48:57;Aprovado
9479;PSALINHA04;2286;200212000000420;ANTENAQ92V24GMAINV01.FPCYIJIA;COMPONENTEFORADOPADRďż˝O;PaxChina;1;alessandro.azevedo;01/11/202208:55:59;Deine.Costa;04/11/202209:52:00;Aprovado
9480;PSALINHA08;2298;200203020000058;MECANISMODEIMPRESSAOTERMICALINEARPT48DHLVH3.3V12MADE67.3X18;COMPONENTEFORADOPADRďż˝O;EngdeProcesso;3;ana.cardoso;01/11/202208:56:24;Deine.Costa;04/11/202209:48:58;Aprovado
9481;PSALINHA08;2298;200101990000700;CABECAMAGFPCV11Q92S;COMPONENTEFORADOPADRďż˝O;FasePSA;4;ana.cardoso;01/11/202208:57:07;Deine.Costa;04/11/202209:49:00;Aprovado
9482;PSALINHA08;2298;200101990000700;CABECAMAGFPCV11Q92S;COMPONENTEFORADOPADRďż˝O;Fornecedor;4;ana.cardoso;01/11/202208:57:30;Deine.Costa;04/11/202209:49:01;Aprovado
9483;PSALINHA08;2298;200209050000562;TECLADOKEYPADQ92SPAGSEGURO;COMPONENTEFORADOPADRďż˝O;Fornecedor;2;ana.cardoso;01/11/202208:58:07;Deine.Costa;04/11/202209:49:02;Aprovado
9484;PSALINHA08;2298;200499000000394;Q92RFContactlessANTENNA;COMPONENTEFORADOPADRďż˝O;Fornecedor;1;ana.cardoso;01/11/202208:58:53;Deine.Costa;04/11/202209:49:05;Aprovado
9485;PSALINHA08;2298;200405000000313;Q92V2KEYDOMEDOUBLEKEYMESH;COMPONENTEFORADOPADRďż˝O;Fornecedor;2;ana.cardoso;01/11/202208:59:23;Deine.Costa;04/11/202209:49:06;Aprovado
9486;PSALINHA08;2298;20010101CAD0135;PLACADECIRCUITOIMPRESSOMONTADAQ92SMAINV14PAGSEGURO;COMPONENTEFORADOPADRďż˝O;Fornecedor;1;ana.cardoso;01/11/202209:00:41;Deine.Costa;04/11/202209:49:07;Aprovado
9487;PSALINHA08;2298;20010118CAD0016;PLACADECIRCUITOIMPRESSOMONTADAQ92SPORTV12;COMPONENTEFORADOPADRďż˝O;FasePSA;1;ana.cardoso;01/11/202209:01:10;Deine.Costa;04/11/202209:49:08;Aprovado
9488;PSALINHA08;2298;200212000000421;ANTENAQ92V24GDIVV01.FPCYIJIA;COMPONENTEFORADOPADRďż˝O;Fornecedor;3;ana.cardoso;01/11/202209:06:45;Deine.Costa;04/11/202209:49:09;Aprovado
9489;PSALINHA08;2298;200212000000422;ANTENAQ92V22.45.81.575GHzV01.FPCCableIPEXYIJIA;COMPONENTEFORADOPADRďż˝O;Fornecedor;3;ana.cardoso;01/11/202209:07:23;Deine.Costa;04/11/202209:49:11;Aprovado
9490;PSALINHA08;2298;200212000000422;ANTENAQ92V22.45.81.575GHzV01.FPCCableIPEXYIJIA;COMPONENTEFORADOPADRďż˝O;FasePSA;1;ana.cardoso;01/11/202209:07:49;Deine.Costa;04/11/202209:49:13;Aprovado
9491;PSALINHA08;2298;300100070000372;Q92CHARGEFPCV04PCB;COMPONENTEFORADOPADRďż˝O;FasePSA;4;ana.cardoso;01/11/202209:08:19;Deine.Costa;04/11/202209:49:15;Aprovado
9492;PSALINHA08;2298;300100080000021;Q92PWRKEYV02PCB;COMPONENTEFORADOPADRďż˝O;Fornecedor;1;ana.cardoso;01/11/202209:08:51;Deine.Costa;04/11/202209:49:16;Aprovado
9493;PSALINHA08;2298;200209100000004;CONJ.TAMPASIMPRESSORAQ92SPAGSEGURO122C;COMPONENTEFORADOPADRďż˝O;FasePSA;1;ana.cardoso;01/11/202209:09:27;Deine.Costa;04/11/202209:49:17;Aprovado
9495;PSALINHA09;2293;2002090100I0853;GABINETEFRONTALDEPLASTICOPRETOS920COMATELASENSIVELAOTOQUE;TOUCHSCREENNďż˝OATUA(TP);Fornecedor;5;jacqueline.taveira;01/11/202209:54:04;debora.gomes;01/11/202211:42:18;Aprovado
9496;PSALINHA09;2293;2002090100I0853;GABINETEFRONTALDEPLASTICOPRETOS920COMATELASENSIVELAOTOQUE;TOUCHSCREENNďż˝OATUA(TP);Fornecedor;5;jacqueline.taveira;01/11/202209:56:12;debora.gomes;01/11/202211:42:19;Aprovado
9497;PSALINHA12;2279;2002090100I1071;GABINETEFRONTALD195STONETON2.0MONTADO;COMPONENTEFORADOPADRďż˝O;Fornecedor;1;jose.junior;01/11/202209:56:48;debora.gomes;01/11/202214:36:04;Aprovado
9498;PSALINHA12;2279;2002090100I1071;GABINETEFRONTALD195STONETON2.0MONTADO;FALHANASERIGRAFIA;Fornecedor;1;jose.junior;01/11/202209:58:20;debora.gomes;01/11/202214:36:05;Aprovado
9499;PSALINHA09;2293;2002090100I0853;GABINETEFRONTALDEPLASTICOPRETOS920COMATELASENSIVELAOTOQUE;GABINETEFRONTALCOMRISCO;Fornecedor;2;jacqueline.taveira;01/11/202209:58:41;debora.gomes;01/11/202211:42:21;Aprovado
9500;PSALINHA12;2279;200212000000309;D195G510/H330S850/900/1800/1900/2100MHZV02GPRS/WCDMAANTENNAFPC;COMPONENTEPSADANIFICADO;FasePSA;1;jose.junior;01/11/202209:58:55;debora.gomes;01/11/202214:36:22;Aprovado
9501;PSALINHA12;2279;2002090100I1071;GABINETEFRONTALD195STONETON2.0MONTADO;COMPONENTEFORADOPADRďż˝O;Fornecedor;2;jose.junior;01/11/202210:01:06;debora.gomes;01/11/202214:36:25;Aprovado
9502;PSALINHA12;2279;501400000000028;LCD240x3202.4inch8BitTFTD190LCMVTT024QVB21Code28BRILLIANT;COMPONENTEFORADOPADRďż˝O;Fornecedor;7;jose.junior;01/11/202210:02:28;debora.gomes;01/11/202214:36:28;Aprovado
9503;PSALINHA12;2279;502200000000007;D190MAGV01/V03MAGNETICREADER1/2/3TRACKS;COMPONENTEFORADOPADRďż˝O;Fornecedor;2;jose.junior;01/11/202210:04:35;debora.gomes;01/11/202214:36:31;Aprovado
9504;PSALINHA12;2279;502200000000007;D190MAGV01/V03MAGNETICREADER1/2/3TRACKS;COMPONENTEPSADANIFICADO;FasePSA;1;jose.junior;01/11/202210:05:25;debora.gomes;01/11/202214:36:37;Aprovado
9505;PSALINHA12;2279;200209130000091;D195RUBBERKEYSTONETON;COMPONENTEFORADOPADRďż˝O;Fornecedor;1;jose.junior;01/11/202210:06:01;debora.gomes;01/11/202214:36:40;Aprovado
9506;PSALINHA09;2293;200209080000047;footpadtransparentsiliconrubber.O.D8.5mm.height6mm;SCRAP;Fornecedor;22;jacqueline.taveira;01/11/202210:06:35;debora.gomes;01/11/202211:42:23;Aprovado
9507;PSALINHA09;2293;200499000000046;SpongycushionD200shieldingcanspongewasher;SCRAP;Fornecedor;14;jacqueline.taveira;01/11/202210:07:47;debora.gomes;01/11/202211:42:26;Aprovado
9508;PSALINHA12;2279;20030500AHN0114;CAIXAINDIVIDUALCOMBERCOACOPLASDOD195STONETONVERDEFRIM;COMPONENTEFORADOPADRďż˝O;Fornecedor;3;jose.junior;01/11/202210:08:59;debora.gomes;01/11/202214:36:43;Aprovado
9510;PSALINHA02;2295;20030500AHN0098;CAIXAINDIVIDUAL.P2B.CARTAOSICOOB.233X86X80TECTOYREV02;COMPONENTEPSADANIFICADO;FasePSA;2;stanley.mourao;01/11/202210:10:28;Deine.Costa;04/11/202209:52:14;Aprovado
9513;PSALINHA09;2293;301601010000087;S920Cielochargerplug.4PIN.vertical.PR;SCRAP;Fornecedor;1;jacqueline.taveira;01/11/202210:11:06;debora.gomes;01/11/202211:42:28;Aprovado
9522;PSALINHA07;2293;20050300AHN0004;COLMEIA361X184TECTOYREV00;COMPONENTEPSADANIFICADO;FasePSA;1;lucas.souza;01/11/202210:30:34;debora.gomes;01/11/202211:42:34;Aprovado
9523;PSALINHA07;2293;2002090100I0853;GABINETEFRONTALDEPLASTICOPRETOS920COMATELASENSIVELAOTOQUE;TOUCHSCREENNďż˝OATUA(TP);Fornecedor;4;lucas.souza;01/11/202210:31:24;debora.gomes;01/11/202211:42:36;Aprovado
9524;PSALINHA07;2293;501400000000038;320X2403.5INCHS920TFTLCD;IMAGEMANORMAL;Fornecedor;22;lucas.souza;01/11/202210:33:35;debora.gomes;01/11/202211:42:37;Aprovado
9525;PSALINHA07;2293;20010117CAD0004;PLACADECIRCUITOIMPRESSOMONTADAS920RFANTENNAV03;RFNďż˝OATUA(PICCOPEN);Fornecedor;3;lucas.souza;01/11/202210:35:16;debora.gomes;01/11/202211:42:39;Aprovado
9526;PSALINHA07;2293;502200000000004;CABECAMAGNETICA,PARALEITURADECARTAOMAGNETICOGRAVADO,S9201/2/3;ERROLEITURACARTďż˝OMAG.(MSR);Fornecedor;6;lucas.souza;01/11/202210:37:36;debora.gomes;01/11/202211:42:41;Aprovado
9527;PSALINHA07;2293;300100030000139;S920KEYMESHV03PCBKEYMESHDOMEcarbongranuleSplendid;TECLASNďż˝OATUAM;Fornecedor;1;lucas.souza;01/11/202210:38:19;debora.gomes;01/11/202211:42:44;Aprovado
9528;PSALINHA07;2293;200212000000077;ANTENNAS92040MMH330SQ3020850/900/1900/2100MHZV03WCDMAANTENNA;WNET;FALHANACONEXďż˝O(WNET);Fornecedor;1;lucas.souza;01/11/202210:38:41;debora.gomes;01/11/202211:42:46;Aprovado
9529;PSALINHA07;2293;300100030000139;S920KEYMESHV03PCBKEYMESHDOMEcarbongranuleSplendid;TECLASNďż˝OATUAM;Fornecedor;2;lucas.souza;01/11/202210:39:02;debora.gomes;01/11/202211:42:48;Aprovado
9530;PSALINHA07;2293;2002090100I0853;GABINETEFRONTALDEPLASTICOPRETOS920COMATELASENSIVELAOTOQUE;TOUCHSCREENNďż˝OATUA(TP);Fornecedor;7;lucas.souza;01/11/202210:40:08;debora.gomes;01/11/202211:42:51;Aprovado
9531;PSALINHA07;2293;200209080000046;footpadtransparentsiliconrubber.W5xL16xH2.5mm;COMPONENTEFORADOPADRďż˝O;Fornecedor;32;lucas.souza;01/11/202210:43:16;debora.gomes;01/11/202211:42:55;Aprovado
9532;PSALINHA10;2293;2002090100I0853;GABINETEFRONTALDEPLASTICOPRETOS920COMATELASENSIVELAOTOQUE;TOUCHSCREENNďż˝OATUA(TP);Fornecedor;3;luan.amorim;01/11/202211:05:58;debora.gomes;01/11/202214:35:34;Aprovado
9533;PSALINHA10;2293;501400000000038;320X2403.5INCHS920TFTLCD;IMAGEMANORMAL;Fornecedor;4;luan.amorim;01/11/202211:06:57;debora.gomes;01/11/202214:35:37;Aprovado
9534;PSALINHA10;2293;200212000000237;S920AP62122.4GHZV042.4GANTENNAFPCYIJIA;COMPONENTEPSADANIFICADO;FasePSA;1;luan.amorim;01/11/202211:07:33;debora.gomes;01/11/202214:35:39;Aprovado
9535;PSALINHA10;2293;300100030000139;S920KEYMESHV03PCBKEYMESHDOMEcarbongranuleSplendid;PEDTAMPER;Fornecedor;2;luan.amorim;01/11/202211:08:24;debora.gomes;01/11/202214:35:41;Aprovado
9536;PSALINHA10;2293;2003100100N0033;CARREGADORDEBATERIADE5V1ACOMENTRADAUSBFSP005BKUX1FLEX;FONTES/IDENTIFICAďż˝ďż˝OTENSďż˝O;Fornecedor;11;luan.amorim;01/11/202211:10:20;debora.gomes;01/11/202214:35:47;Aprovado
9537;PSALINHA10;2293;200206010000239;BATTERYICS041NAA3.6V2450MAH18650CYLINDRICALBATTERYSANYOZM2CE;SCRAP;FasePSA;10;luan.amorim;01/11/202211:12:55;debora.gomes;01/11/202214:35:51;Aprovado
9538;PSALINHA14;2289;2003180099N0756;ETIQUETAVOID8,00mmBRANCATECTOYREV00;COMPONENTEPSADANIFICADO;FasePSA;8;rayanne.nascimento;01/11/202211:54:52;Deine.Costa;04/11/202209:50:02;Aprovado
9539;PSALINHA14;2289;2003180099N0756;ETIQUETAVOID8,00mmBRANCATECTOYREV00;COMPONENTEPSADANIFICADO;FasePSA;8;rayanne.nascimento;01/11/202212:01:09;Deine.Costa;04/11/202209:50:04;Aprovado
9549;PSALINHA14;2323;2003180000N0423;ETIQUETACOD.BARRAFINA45X10MM;COMPONENTEPSADANIFICADO;FasePSA;17;rayanne.nascimento;01/11/202213:28:18;Deine.Costa;04/11/202209:50:07;Aprovado
9562;PSALINHA14;2289;20010101CAD0123;PLACADECIRCUITOIMPRESSOMONTADAD175SBTMAINV43MERCADOPAGO;TRILHAROMPIDA;FasePSA;1;rayanne.nascimento;01/11/202214:57:48;Deine.Costa;04/11/202209:50:09;Aprovado
9563;PSALINHA14;2289;200206010000160;Bzttery411645IS739B3.7V250mAhLithiumionbatterywithoutPCMwit;FALHANAVOLTAGEMDABATERIA;Fornecedor;2;rayanne.nascimento;01/11/202215:02:06;Deine.Costa;04/11/202209:50:12;Aprovado
9564;PSALINHA14;2289;300100990001663;D175KEYMESHV40PCBTWOLAYERKEYMESHDOME;COMPONENTEPSADANIFICADO;FasePSA;1;rayanne.nascimento;01/11/202215:03:01;Deine.Costa;04/11/202209:50:13;Aprovado
9565;PSALINHA14;2289;200209030000564;PLASTICD175LCDLENSMATERIALPAMM49.4524.25H1.0BACKSCREENPRIN;VISORCOMIMPUREZA;Fornecedor;1;rayanne.nascimento;01/11/202215:03:53;Deine.Costa;04/11/202209:50:14;Aprovado
9566;PSALINHA09;2293;502200000000004;CABECAMAGNETICA,PARALEITURADECARTAOMAGNETICOGRAVADO,S9201/2/3;ERROLEITURACARTďż˝OMAG.(MSR);Fornecedor;4;jacqueline.taveira;01/11/202215:33:11;debora.gomes;01/11/202215:49:34;Aprovado
9567;PSALINHA09;2293;300100030000139;S920KEYMESHV03PCBKEYMESHDOMEcarbongranuleSplendid;MOUSENďż˝OATUA;Fornecedor;7;jacqueline.taveira;01/11/202215:34:09;debora.gomes;01/11/202215:49:31;Aprovado
9568;PSALINHA09;2293;20010117CAD0004;PLACADECIRCUITOIMPRESSOMONTADAS920RFANTENNAV03;RFNďż˝OATUA(PICCOPEN);FasePSA;5;jacqueline.taveira;01/11/202215:34:50;debora.gomes;01/11/202215:49:40;Aprovado
9569;PSALINHA09;2293;501400000000038;320X2403.5INCHS920TFTLCD;IMAGEMANORMAL;Fornecedor;4;jacqueline.taveira;01/11/202215:35:33;debora.gomes;01/11/202215:49:44;Aprovado
9570;PSALINHA09;2293;501400000000038;320X2403.5INCHS920TFTLCD;IMAGEMANORMAL;Fornecedor;5;jacqueline.taveira;01/11/202215:36:16;debora.gomes;01/11/202215:49:46;Aprovado
9571;PSALINHA09;2293;502100000000005;THERMALPRINTERM21SHC5.5OEVERLIGHTPRT;FALHANOTESTEIMPRESSďż˝O(PRN);Fornecedor;7;jacqueline.taveira;01/11/202215:39:15;debora.gomes;01/11/202215:49:49;Aprovado
9583;PSALINHA09;2293;20030500AHN0122;CAIXAINDIVIDUALS920BRANCAVERSAO3TECTOY;CAIXAINDIVIDUALDANIFICADA;Fornecedor;2;jacqueline.taveira;01/11/202216:37:39;debora.gomes;01/11/202216:52:51;Aprovado
9599;GABINETE01;2310;200209030000350;PlasticsD195LCD;VISORTRINCADO;Fornecedor;12;henrique.rocha;03/11/202208:13:40;gabriel.trusman;03/11/202209:03:37;Aprovado
9600;PSALINHA13;2285;2002090100I1003;GABINETEFRONTALD195GETNETLENSWP;VISORCOMRISCO;Fornecedor;15;brenda.santos;03/11/202208:16:53;debora.gomes;04/11/202208:31:20;Aprovado
9601;PSALINHA13;2285;501400000000028;LCD240x3202.4inch8BitTFTD190LCMVTT024QVB21Code28BRILLIANT;TELABRANCA;FasePSA;4;brenda.santos;03/11/202208:19:17;debora.gomes;04/11/202208:31:22;Aprovado
9602;PSALINHA13;2285;501500000000026;IS057E3.7V1900MAHLITHIUMIONPOLYMERBATTERYAVIATIONPACKAGING60;COMPONENTESMDDANIFICADO;FasePSA;1;brenda.santos;03/11/202208:22:05;debora.gomes;04/11/202208:31:25;Aprovado
9611;PSALINHA13;2285;200212000000309;D195G510/H330S850/900/1800/1900/2100MHZV02GPRS/WCDMAANTENNAFPC;COMPONENTESMDDANIFICADO;FasePSA;5;brenda.santos;03/11/202208:46:03;debora.gomes;04/11/202208:31:28;Aprovado
9612;PSALINHA13;2285;501400000000028;LCD240x3202.4inch8BitTFTD190LCMVTT024QVB21Code28BRILLIANT;LCDCOMRISCO;Fornecedor;1;brenda.santos;03/11/202208:47:42;debora.gomes;04/11/202208:31:36;Aprovado
9613;PSALINHA13;2285;2002090100I1003;GABINETEFRONTALD195GETNETLENSWP;COMPONENTESMDDESLOCADO;Callidus;2;brenda.santos;03/11/202208:50:30;debora.gomes;04/11/202208:31:39;Aprovado
9614;PSALINHA13;2285;501400000000028;LCD240x3202.4inch8BitTFTD190LCMVTT024QVB21Code28BRILLIANT;COMPONENTESMDALTERADO;Callidus;4;brenda.santos;03/11/202208:51:22;debora.gomes;04/11/202208:31:42;Aprovado
9615;PSALINHA13;2285;502200000000007;D190MAGV01/V03MAGNETICREADER1/2/3TRACKS;COMPONENTESMDALTERADO;PaxChina;3;brenda.santos;03/11/202208:51:51;debora.gomes;04/11/202208:31:47;Aprovado
9616;PSALINHA09;2293;501400000000038;320X2403.5INCHS920TFTLCD;ERROLEITURACARTďż˝OMAG.(MSR);Fornecedor;1;jacqueline.taveira;03/11/202209:41:22;debora.gomes;04/11/202208:29:11;Aprovado
9617;PSALINHA09;2293;301501020000025;Speaker.HDK.181308ZA.2C.Leftcable.0.8W.;SEMďż˝UDIO;FasePSA;1;jacqueline.taveira;03/11/202209:42:29;debora.gomes;04/11/202208:29:13;Aprovado
9618;PSALINHA09;2293;2002090100I0853;GABINETEFRONTALDEPLASTICOPRETOS920COMATELASENSIVELAOTOQUE;TOUCHSCREENNďż˝OATUA(TP);Fornecedor;1;jacqueline.taveira;03/11/202209:59:05;debora.gomes;04/11/202208:29:14;Aprovado
9619;PSALINHA11;2261;2003170099N0299;ETIQUETAADESIVATRANSIREANATEL044762109939MPOSD188;COMPONENTEPSADANIFICADO;FasePSA;4;kathllen.braga;03/11/202210:27:04;debora.gomes;04/11/202208:29:51;Aprovado
9620;PSALINHA11;2261;200202000000587;LCD240x3202.4inchD188TFTLCDYH024BSJ660N175A01E0BOEST7789V3;COMPONENTESMDALTERADO;Fornecedor;21;kathllen.braga;03/11/202210:28:32;debora.gomes;04/11/202208:29:52;Aprovado
9621;PSALINHA11;2261;200209120000476;PlasticD188CLightgoldICCardholderMaterialPCABSfinegraincom;COMPONENTEFORADOPADRďż˝O;Fornecedor;2;kathllen.braga;03/11/202210:33:01;debora.gomes;04/11/202208:29:54;Aprovado
9622;PSALINHA11;2261;200209120000475;PlasticD188ClightgoldAntennasupportMaterialPCABSfinegrainco;COMPONENTEFORADOPADRďż˝O;Fornecedor;1;kathllen.braga;03/11/202210:33:38;debora.gomes;04/11/202208:29:59;Aprovado
9623;PSALINHA11;2261;200205990000561;metalEjectionPin;COMPONENTEFORADOPADRďż˝O;Fornecedor;1;kathllen.braga;03/11/202210:34:53;debora.gomes;04/11/202208:30:03;Aprovado
9624;PSALINHA11;2261;200206010000215;Battery3742493.7V900mAhLithiumionbatterywithbackglueAviation;COMPONENTESMDALTERADO;Fornecedor9;NaN;kathllen.braga;03/11/202210:36:37;debora.gomes;04/11/202208:30:06;Aprovado
9625;PSALINHA11;2261;200209050000532;D188CblackswitchbuttonPR;COMPONENTEFORADOPADRďż˝O;Fornecedor;5;kathllen.braga;03/11/202210:41:32;debora.gomes;04/11/202208:30:09;Aprovado
9626;PSALINHA11;2261;300100160000148;D188KEYMESHV04PCBwithmeshRouting;COMPONENTEPSADANIFICADO;FasePSA;3;kathllen.braga;03/11/202210:42:25;debora.gomes;04/11/202208:30:11;Aprovado
9627;PSALINHA11;2261;200209050000593;D188CblackdigitalkeysCBrazilSTONETONcustom;COMPONENTEFORADOPADRďż˝O;Fornecedor;7;kathllen.braga;03/11/202210:44:08;debora.gomes;04/11/202208:30:15;Aprovado
9628;PSALINHA11;2261;200209030000576;D188CBLACKLCDLENSBRAZILSTONETONPMMAPC;VISORCOMIMPUREZA;Fornecedor;65;kathllen.braga;03/11/202210:47:22;debora.gomes;04/11/202208:30:19;Aprovado
9631;PSALINHA11;2261;2002090199N0003;GABINETEFRONTALDEPLASTICOD188STONETONPANTONE802C;GABFRONTMINIBASEESPANADO;FasePSA;2;kathllen.braga;03/11/202210:50:46;debora.gomes;04/11/202208:30:22;Aprovado
9632;PSALINHA11;2261;2002090199N0003;GABINETEFRONTALDEPLASTICOD188STONETONPANTONE802C;COMPONENTEFORADOPADRďż˝O;Fornecedor;4;kathllen.braga;03/11/202210:51:14;debora.gomes;04/11/202208:30:25;Aprovado
9633;PSALINHA11;2261;200209030000576;D188CBLACKLCDLENSBRAZILSTONETONPMMAPC;VISORCOMIMPUREZA;Fornecedor;2;kathllen.braga;03/11/202210:51:43;debora.gomes;04/11/202208:30:30;Aprovado
9634;PSALINHA11;2261;200499000000605;POROND199batteryporonPORON16X7X0.8mm;COMPONENTEPSADANIFICADO;FasePSA;1;kathllen.braga;03/11/202210:52:50;debora.gomes;04/11/202208:30:34;Aprovado
9639;PSALINHA11;2261;2003180099N0756;ETIQUETAVOID8,00mmBRANCATECTOYREV00;COMPONENTEPSADANIFICADO;FasePA;24;kathllen.braga;03/11/202211:12:10;debora.gomes;04/11/202208:30:39;Aprovado
9641;PSALINHA11;2261;200212000000401;AntennaD188CG50085090018001900MHzV01AntFPCYJ;ANTENAADESIVADANIFICADA;FasePSA;2;kathllen.braga;03/11/202211:12:48;debora.gomes;04/11/202208:30:46;Aprovado
9644;PSALINHA11;2261;200499000000605;POROND199batteryporonPORON16X7X0.8mm;COMPONENTEPSADANIFICADO;FasePSA;1;kathllen.braga;03/11/202211:13:20;debora.gomes;04/11/202208:30:52;Aprovado
9645;PSALINHA11;2261;2003170099N0299;ETIQUETAADESIVATRANSIREANATEL044762109939MPOSD188;COMPONENTEPSADANIFICADO;FasePSA;2;kathllen.braga;03/11/202211:13:58;debora.gomes;04/11/202208:30:57;Aprovado
9678;PSALINHA08;2298;200209010000002;CONJ. GABINETE FRONTAL Q92S PAG SEGURO MONTADO;TOUCHSCREENNďż˝OATUA(TP);Yamada;8;ana.cardoso;03/11/202214:16:09;Deine.Costa;04/11/202209:49:18;Aprovado
9679;PSALINHA08;2298;200209010000002;CONJ. GABINETE FRONTAL Q92S PAG SEGURO MONTADO;GABINETEESPANADO;FasePSA;3;ana.cardoso;03/11/202214:17:10;Deine.Costa;04/11/202209:49:21;Aprovado
9680;PSALINHA08;2298;200209020000003;CONJ.GABINETETRASEIROQ92SPAGSEGUROMONTADO;GABINETEESPANADO;FasePSA;2;ana.cardoso;03/11/202214:17:51;Deine.Costa;04/11/202209:49:22;Aprovado
9681;PSALINHA08;2298;200212000000420;ANTENAQ92V24GMAINV01.FPCYIJIA;COMPONENTEFORADOPADRďż˝O;FasePSA;2;ana.cardoso;03/11/202214:18:21;Deine.Costa;04/11/202209:49:24;Aprovado
9692;PSALINHA12;2285;2002090100I1003;GABINETEFRONTALD195GETNETLENSWP;GABINETECOMMANCHA;Fornecedor;8;jose.junior;03/11/202215:42:33;debora.gomes;04/11/202208:31:03;Aprovado
9693;PSALINHA12;2285;2002090100I1003;GABINETEFRONTALD195GETNETLENSWP;GABINETEFRONTALCOMRISCO;FasePSA;2;jose.junior;03/11/202215:43:17;debora.gomes;04/11/202208:31:04;Aprovado
9694;PSALINHA12;2285;2002090100I1003;GABINETEFRONTALD195GETNETLENSWP;COMPONENTEPSADANIFICADO;FasePSA;6;jose.junior;03/11/202215:44:22;debora.gomes;04/11/202208:31:06;Aprovado
9695;PSALINHA12;2285;2002090100I1003;GABINETEFRONTALD195GETNETLENSWP;GABINETECOMMANCHA;FasePSA;5;jose.junior;03/11/202215:45:22;debora.gomes;04/11/202208:31:09;Aprovado
9696;PSALINHA12;2285;2002090100I1003;GABINETEFRONTALD195GETNETLENSWP;GABINETEESPANADO;FasePSA;4;jose.junior;03/11/202215:46:10;debora.gomes;04/11/202208:31:11;Aprovado
9697;PSALINHA08;2298;200212000000421;ANTENAQ92V24GDIVV01.FPCYIJIA;COMPONENTEFORADOPADRďż˝O;FasePSA;2;ana.cardoso;03/11/202216:12:11;Deine.Costa;04/11/202209:49:25;Aprovado
9698;PSALINHA08;2298;300100080000021;Q92PWRKEYV02PCB;COMPONENTEFORADOPADRďż˝O;FasePSA;1;ana.cardoso;03/11/202216:12:40;Deine.Costa;04/11/202209:49:26;Aprovado
9699;PSALINHA08;2298;20030500AHN0084;ENVELOPEQ92PAGSEGUROTECTOY;COMPONENTEFORADOPADRďż˝O;Fornecedor;2;ana.cardoso;03/11/202216:13:50;Deine.Costa;04/11/202209:49:28;Aprovado
9700;PSALINHA08;2298;200209120000276;Q92blackprinterbracketBRPCABS;COMPONENTEFORADOPADRďż˝O;Fornecedor;1;ana.cardoso;03/11/202216:15:43;Deine.Costa;04/11/202209:49:29;Aprovado
9701;PSALINHA08;2298;200405000000313;Q92V2KEYDOMEDOUBLEKEYMESH;COMPONENTEFORADOPADRďż˝O;Fornecedor;2;ana.cardoso;03/11/202216:16:12;Deine.Costa;04/11/202209:49:30;Aprovado
9702;PSALINHA08;2298;200499000000394;Q92RFContactlessANTENNA;COMPONENTEFORADOPADRďż˝O;Fornecedor;2;ana.cardoso;03/11/202216:16:45;Deine.Costa;04/11/202209:49:33;Aprovado
9703;PSALINHA08;2298;300100070000372;Q92CHARGEFPCV04PCB;COMPONENTEFORADOPADRďż˝O;Fornecedor;1;ana.cardoso;03/11/202216:17:16;Deine.Costa;04/11/202209:49:34;Aprovado
9704;PSALINHA08;2298;300100080000021;Q92PWRKEYV02PCB;COMPONENTEFORADOPADRďż˝O;Fornecedor;4;ana.cardoso;03/11/202216:17:50;Deine.Costa;04/11/202209:49:35;Aprovado
9705;PSALINHA08;2298;200209050000562;TECLADOKEYPADQ92SPAGSEGURO;COMPONENTEFORADOPADRďż˝O;Fornecedor;1;ana.cardoso;03/11/202216:18:26;Deine.Costa;04/11/202209:49:36;Aprovado
9706;PSALINHA08;2298;300100070000372;Q92CHARGEFPCV04PCB;COMPONENTEFORADOPADRďż˝O;FasePSA;4;ana.cardoso;03/11/202216:18:55;Deine.Costa;04/11/202209:49:37;Aprovado
9707;PSALINHA08;2298;200499000000355;A930CBATTERYFOAM30X16X3.5MM;COMPONENTEFORADOPADRďż˝O;FasePSA;1;ana.cardoso;03/11/202216:19:29;Deine.Costa;04/11/202209:49:39;Aprovado
9708;PSALINHA08;2298;200212000000420;ANTENAQ92V24GMAINV01.FPCYIJIA;COMPONENTEFORADOPADRďż˝O;Fornecedor;2;ana.cardoso;03/11/202216:20:30;Deine.Costa;04/11/202209:49:41;Aprovado
9709;PSALINHA08;2298;200212000000421;ANTENAQ92V24GDIVV01.FPCYIJIA;COMPONENTEFORADOPADRďż˝O;Fornecedor;2;ana.cardoso;03/11/202216:21:04;Deine.Costa;04/11/202209:49:42;Aprovado
9710;PSALINHA08;2298;200209100000004;CONJ.TAMPASIMPRESSORAQ92SPAGSEGURO122C;COMPONENTEFORADOPADRďż˝O;FasePSA;2;ana.cardoso;03/11/202216:21:59;Deine.Costa;04/11/202209:49:43;Aprovado
9711;PSALINHA08;2298;200212000000422;ANTENAQ92V22.45.81.575GHzV01.FPCCableIPEXYIJIA;COMPONENTEFORADOPADRďż˝O;FasePSA;3;ana.cardoso;03/11/202216:22:38;Deine.Costa;04/11/202209:49:45;Aprovado
9712;PSALINHA08;2298;200212000000422;ANTENAQ92V22.45.81.575GHzV01.FPCCableIPEXYIJIA;COMPONENTEFORADOPADRďż˝O;Fornecedor;2;ana.cardoso;03/11/202216:23:26;Deine.Costa;04/11/202209:49:46;Aprovado
9713;PSALINHA08;2298;300100080000021;Q92PWRKEYV02PCB;COMPONENTEFORADOPADRďż˝O;FasePSA;2;ana.cardoso;03/11/202216:24:49;Deine.Costa;04/11/202209:49:47;Aprovado
9714;PSALINHA08;2298;501500000000025;3.6V.3.7V.2450MAH.18650CYLINDERLITHIUMBATTERYSANYOZM2ELECTRICCO;FALHANAVOLTAGEMDABATERIA;Fornecedor;2;ana.cardoso;03/11/202216:25:36;Deine.Costa;04/11/202209:49:50;Aprovado
9715;PSALINHA08;2298;200209040000130;TECLAPOWERDEPLASTICOPCABSDE7.7X1.68MMCOMSUPORTEDEFIXACAONA;COMPONENTEFORADOPADRďż˝O;Fornecedor;7;ana.cardoso;03/11/202216:26:08;Deine.Costa;04/11/202209:49:51;Aprovado
9733;PSALINHA10;2287;2002090199N0003;GABINETEFRONTALDEPLASTICOD188STONETONPANTONE802C;GABINETEESPANADO;FasePSA;4;luan.amorim;03/11/202216:43:43;debora.gomes;04/11/202208:29:24;Aprovado
9734;PSALINHA10;2287;2002090299N0003;GABINETETRASEIRODEPLASTICOD188STONETONPANTONE802C;GABINETEESPANADO;FasePSA;6;luan.amorim;03/11/202216:44:31;debora.gomes;04/11/202208:29:26;Aprovado
9735;PSALINHA10;2287;200202000000587;LCD240x3202.4inchD188TFTLCDYH024BSJ660N175A01E0BOEST7789V3;IMAGEMANORMAL;Fornecedor;4;luan.amorim;03/11/202216:45:38;debora.gomes;04/11/202208:29:27;Aprovado
9736;PSALINHA10;2287;200206010000215;Battery3742493.7V900mAhLithiumionbatterywithbackglueAviation;DESLIGANDOAUTOMATICAMENTE;Fornecedor;1;luan.amorim;03/11/202216:46:08;debora.gomes;04/11/202208:29:30;Aprovado
9740;PSALINHA10;2287;200499000000622;PETD188lensprotectivefilmPETelectrostaticadsorption;SCRAP;FasePSA;3;luan.amorim;03/11/202216:48:10;debora.gomes;04/11/202208:29:33;Aprovado
9741;PSALINHA10;2287;200209120000538;PlasticD188CblackLCDbracketmaterialcartonpackagingPCABSwith;COMPONENTEPSADANIFICADO;FasePSA;1;luan.amorim;03/11/202216:48:43;debora.gomes;04/11/202208:29:36;Aprovado
9742;PSALINHA10;2287;20031700AHN0299;ETIQUETAADESIVATRANSIREANATEL044762109939MPOSD188;COMPONENTEPSADANIFICADO;Fornecedor;5;luan.amorim;03/11/202216:50:19;debora.gomes;04/11/202208:29:39;Aprovado
9743;PSALINHA10;2287;300100160000148;D188KEYMESHV04PCBwithmeshRouting;PEDTAMPER;Fornecedor;12;luan.amorim;03/11/202216:51:10;debora.gomes;04/11/202208:29:42;Aprovado
9744;PSALINHA10;2287;300100160000148;D188KEYMESHV04PCBwithmeshRouting;COMPONENTEPSADANIFICADO;FasePSA;2;luan.amorim;03/11/202216:51:42;debora.gomes;04/11/202208:29:46;Aprovado
9745;PSALINHA12;2297;200212000000309;D195G510/H330S850/900/1800/1900/2100MHZV02GPRS/WCDMAANTENNAFPC;COMPONENTEPSADANIFICADO;FasePSA;8;jose.junior;04/11/202207:27:31;debora.gomes;04/11/202210:20:07;Aprovado
9752;PSALINHA11;2287;200202000000587;LCD240x3202.4inchD188TFTLCDYH024BSJ660N175A01E0BOEST7789V3;COMPONENTESMDALTERADO;Fornecedor;30;kathllen.braga;04/11/202209:19:53;debora.gomes;04/11/202210:34:50;Aprovado
9753;PSALINHA11;2287;200212000000401;AntennaD188CG50085090018001900MHzV01AntFPCYJ;ANTENAADESIVADANIFICADA;FasePSA;3;kathllen.braga;04/11/202209:20:55;debora.gomes;04/11/202210:34:51;Aprovado
9754;PSALINHA11;2287;20031200AHN0063;MANUALDOFABRICANTED188TECTOY;COMPONENTEFORADOPADRďż˝O;Fornecedor;1;kathllen.braga;04/11/202209:21:32;debora.gomes;04/11/202210:34:57;Aprovado
9755;PSALINHA11;2287;2002090199N0003;GABINETEFRONTALDEPLASTICOD188STONETONPANTONE802C;GABINETEDANIFICADO;FasePSA;1;kathllen.braga;04/11/202209:22:36;debora.gomes;04/11/202210:35:00;Aprovado
9756;PSALINHA11;2287;2002090299N0003;GABINETETRASEIRODEPLASTICOD188STONETONPANTONE802C;GABINETEDANIFICADO;FasePSA;1;kathllen.braga;04/11/202209:26:14;debora.gomes;04/11/202210:35:04;Aprovado
9757;PSALINHA11;2287;200209050000593;D188CblackdigitalkeysCBrazilSTONETONcustom;TECLADANIFICADA;Fornecedor;3;kathllen.braga;04/11/202209:29:38;debora.gomes;04/11/202210:35:07;Aprovado
9758;PSALINHA11;2287;200206010000215;Battery3742493.7V900mAhLithiumionbatterywithbackglueAviation;COMPONENTESMDALTERADO;Fornecedor;14;kathllen.braga;04/11/202209:32:12;debora.gomes;04/11/202210:35:09;Aprovado
9759;PSALINHA11;2287;300100160000148;D188KEYMESHV04PCBwithmeshRouting;COMPONENTESMDALTERADO;Fornecedor;19;kathllen.braga;04/11/202209:33:35;debora.gomes;04/11/202210:35:13;Aprovado
9760;PSALINHA11;2287;200209030000576;D188CBLACKLCDLENSBRAZILSTONETONPMMAPC;VISORCOMIMPUREZA;Fornecedor;21;kathllen.braga;04/11/202209:34:33;debora.gomes;04/11/202210:35:15;Aprovado
9761;PSALINHA13;2297;2002090100I1003;GABINETEFRONTALD195GETNETLENSWP;VISORCOMRISCO;Fornecedor9;;brenda.santos;04/11/202209:36:19;debora.gomes;04/11/202210:20:12;Aprovado
9762;PSALINHA13;2297;2002090100I1003;GABINETEFRONTALD195GETNETLENSWP;VISORCOMRISCO;Fornecedor;7;brenda.santos;04/11/202209:36:50;debora.gomes;04/11/202210:20:14;Aprovado
9763;PSALINHA13;2297;2002090100I1003;GABINETEFRONTALD195GETNETLENSWP;VISORDESLOCADO;Fornecedor;3;brenda.santos;04/11/202209:37:34;debora.gomes;04/11/202210:20:15;Aprovado
9764;PSALINHA09;2296;501400000000038;320X2403.5INCHS920TFTLCD;VISORCOMRISCO;Estoque;7;jacqueline.taveira;04/11/202209:38:49;debora.gomes;04/11/202210:19:27;Aprovado
9766;PSALINHA13;2297;501400000000028;LCD240x3202.4inch8BitTFTD190LCMVTT024QVB21Code28BRILLIANT;COMPONENTESMDDANIFICADO;FasePSA;12;brenda.santos;04/11/202209:40:18;debora.gomes;04/11/202210:20:19;Aprovado
9767;PSALINHA09;2296;20010117CAD0004;PLACADECIRCUITOIMPRESSOMONTADAS920RFANTENNAV03;SCRAP;FasePSA;2;jacqueline.taveira;04/11/202209:40:24;debora.gomes;04/11/202210:19:28;Aprovado
9768;PSALINHA13;2297;501400000000028;LCD240x3202.4inch8BitTFTD190LCMVTT024QVB21Code28BRILLIANT;COMPONENTESMDALTERADO;PaxChina;2;brenda.santos;04/11/202209:40:44;debora.gomes;04/11/202210:20:23;Aprovado
9769;PSALINHA13;2297;300100160000133;D195KEYMESHV01PCBKEYMESHDOMECARBONGRANULESPLENDID;COMPONENTESMDALTERADO;PaxChina;3;brenda.santos;04/11/202209:41:13;debora.gomes;04/11/202210:20:26;Aprovado
9770;PSALINHA09;2296;200212000000077;ANTENNAS92040MMH330SQ3020850/900/1900/2100MHZV03WCDMAANTENNA;ANTENAADESIVADANIFICADA;FasePSA;4;jacqueline.taveira;04/11/202209:41:32;debora.gomes;04/11/202210:19:29;Aprovado
9771;PSALINHA13;2297;501400000000028;LCD240x3202.4inch8BitTFTD190LCMVTT024QVB21Code28BRILLIANT;COMPONENTESMDDANIFICADO;Callidus;8;brenda.santos;04/11/202209:41:45;debora.gomes;04/11/202210:20:28;Aprovado
9772;PSALINHA11;2287;200209050000532;D188CblackswitchbuttonPR;TECLADANIFICADA;FasePSA;2;kathllen.braga;04/11/202209:42:01;debora.gomes;04/11/202210:35:18;Aprovado
9773;PSALINHA11;2287;200209120000476;PlasticD188CLightgoldICCardholderMaterialPCABSfinegraincom;COMPONENTEFORADOPADRďż˝O;Fornecedor;3;kathllen.braga;04/11/202209:42:31;debora.gomes;04/11/202210:35:21;Aprovado
9774;PSALINHA09;2296;200405000000158;S920fLCDrubbercasing;SCRAP;Fornecedor;1;jacqueline.taveira;04/11/202209:45:45;debora.gomes;04/11/202210:19:34;Aprovado
9765;PSALINHA13;2297;200212000000309;D195G510/H330S850/900/1800/1900/2100MHZV02GPRS/WCDMAANTENNAFPC;COMPONENTESMDALTERADO;PaxChina;3;brenda.santos;04/11/202209:47:39;debora.gomes;04/11/202210:20:21;Aprovado
9775;PSALINHA13;2297;200212000000309;D195G510/H330S850/900/1800/1900/2100MHZV02GPRS/WCDMAANTENNAFPC;COMPONENTESMDALTERADO;PaxChina;3;brenda.santos;04/11/202209:49:22;debora.gomes;04/11/202210:20:31;Aprovado
9776;PSALINHA09;2296;501400000000038;320X2403.5INCHS920TFTLCD;Nďż˝OLIGA;Fornecedor;2;jacqueline.taveira;04/11/202209:51:16;debora.gomes;04/11/202210:19:32;Aprovado
9777;PSALINHA09;2296;501400000000038;320X2403.5INCHS920TFTLCD;LCDCOMMANCHA;Fornecedor;1;jacqueline.taveira;04/11/202209:51:54;debora.gomes;04/11/202210:19:37;Aprovado
9778;PSALINHA13;2297;200202000000187;LCD240x3202.4inch8BitTFTD190LCMVTT024QVB21Code28BRILLIANT;COMPONENTESMDALTERADO;PaxChina;3;brenda.santos;04/11/202209:52:11;debora.gomes;04/11/202210:20:34;Aprovado
9779;PSALINHA13;2297;200202000000187;LCD240x3202.4inch8BitTFTD190LCMVTT024QVB21Code28BRILLIANT;TELABRANCA;FasePSA;3;brenda.santos;04/11/202209:52:44;debora.gomes;04/11/202210:20:37;Aprovado
9782;PSALINHA09;2296;301601010000087;S920Cielochargerplug.4PIN.vertical.PR;SCRAP;FasePSA;1;jacqueline.taveira;04/11/202209:55:03;debora.gomes;04/11/202210:19:43;Aprovado
9785;PSALINHA09;2296;502500000000015;S920ENGLISHKEYPADCIELOPLASTICCAPRUBBERPAD;TECLASNďż˝OATUAM;Fornecedor;2;jacqueline.taveira;04/11/202210:06:22;debora.gomes;04/11/202210:19:39;Aprovado
9786;PSALINHA09;2296;501400000000038;320X2403.5INCHS920TFTLCD;IMAGEMANORMAL;Fornecedor;2;jacqueline.taveira;04/11/202210:06:50;debora.gomes;04/11/202210:19:46;Aprovado
9787;PSALINHA09;2296;502100000000005;THERMALPRINTERM21SHC5.5OEVERLIGHTPRT;FALHANOTESTEIMPRESSďż˝O(PRN);Fornecedor;3;jacqueline.taveira;04/11/202210:08:20;debora.gomes;04/11/202210:19:52;Aprovado
9788;PSALINHA09;2296;2002090100I0853;GABINETEFRONTALDEPLASTICOPRETOS920COMATELASENSIVELAOTOQUE;TOUCHSCREENNďż˝OATUA(TP);Fornecedor;3;jacqueline.taveira;04/11/202210:09:08;debora.gomes;04/11/202210:19:56;Aprovado
9796;PSALINHA09;2296;20030500AHN0122;CAIXAINDIVIDUALS920BRANCAVERSAO3TECTOY;SCRAP;Fornecedor;2;jacqueline.taveira;04/11/202210:20:24;debora.gomes;04/11/202210:35:49;Aprovado
9803;PSALINHA09;2296;501400000000038;320X2403.5INCHS920TFTLCD;SCRAP;Fornecedor;2;jacqueline.taveira;04/11/202210:42:59;debora.gomes;04/11/202215:38:41;Aprovado
9804;PSALINHA09;2296;501400000000038;320X2403.5INCHS920TFTLCD;SCRAP;FasePSA;1;jacqueline.taveira;04/11/202210:43:53;debora.gomes;04/11/202215:38:48;Aprovado
9805;PSALINHA09;2296;2002090100I0853;GABINETEFRONTALDEPLASTICOPRETOS920COMATELASENSIVELAOTOQUE;GABINETEESPANADO;Fornecedor;6;jacqueline.taveira;04/11/202210:45:48;debora.gomes;04/11/202215:38:45;Aprovado
9806;PSALINHA09;2296;2002090100I0853;GABINETEFRONTALDEPLASTICOPRETOS920COMATELASENSIVELAOTOQUE;SCRAP;Fornecedor;4;jacqueline.taveira;04/11/202210:46:21;debora.gomes;04/11/202215:38:54;Aprovado
9807;PSALINHA09;2296;20010117CAD0004;PLACADECIRCUITOIMPRESSOMONTADAS920RFANTENNAV03;SCRAP;FasePSA;2;jacqueline.taveira;04/11/202210:52:25;debora.gomes;04/11/202215:39:01;Aprovado
9808;PSALINHA09;2296;501400000000038;320X2403.5INCHS920TFTLCD;SCRAP;Fornecedor;2;jacqueline.taveira;04/11/202210:53:04;debora.gomes;04/11/202215:38:51;Aprovado
9824;PSALINHA10;2287;200202000000587;LCD240x3202.4inchD188TFTLCDYH024BSJ660N175A01E0BOEST7789V3;IMAGEMANORMAL;Fornecedor;49;luan.amorim;04/11/202213:21:10;debora.gomes;04/11/202215:39:46;Aprovado
9825;PSALINHA10;2287;200202000000587;LCD240x3202.4inchD188TFTLCDYH024BSJ660N175A01E0BOEST7789V3;IMAGEMANORMAL;FasePSA9;luan.amorim;04/11/202213:21:55;debora.gomes;04/11/202215:39:47;Aprovado
9826;PSALINHA10;2287;2002090199N0003;GABINETEFRONTALDEPLASTICOD188STONETONPANTONE802C;GABINETEESPANADO;Fornecedor;1;luan.amorim;04/11/202213:25:54;debora.gomes;04/11/202215:39:49;Aprovado
9827;PSALINHA10;2287;2002090299N0003;GABINETETRASEIRODEPLASTICOD188STONETONPANTONE802C;GABINETEESPANADO;FasePSA;8;luan.amorim;04/11/202213:27:59;debora.gomes;04/11/202215:39:52;Aprovado
9828;PSALINHA10;2287;200405000000223;RUBBERAntidisassemblyswitchsilicagelcarbonparticlesCarbonpart;COMPONENTEPSADANIFICADO;Fornecedor;5;luan.amorim;04/11/202213:29:02;debora.gomes;04/11/202215:39:54;Aprovado
9829;PSALINHA10;2287;200206010000215;Battery3742493.7V900mAhLithiumionbatterywithbackglueAviation;DESLIGANDOAUTOMATICAMENTE;Fornecedor;4;luan.amorim;04/11/202213:30:37;debora.gomes;04/11/202215:40:07;Aprovado
9830;PSALINHA10;2287;300100160000148;D188KEYMESHV04PCBwithmeshRouting;COMPONENTEPSADANIFICADO;FasePSA;2;luan.amorim;04/11/202213:31:41;debora.gomes;04/11/202215:40:05;Aprovado
9831;PSALINHA10;2287;200499000000622;PETD188lensprotectivefilmPETelectrostaticadsorption;COMPONENTEPSADANIFICADO;Fornecedor9;luan.amorim;04/11/202213:33:46;debora.gomes;04/11/202215:39:56;Aprovado
9832;PSALINHA10;2287;200499000000622;PETD188lensprotectivefilmPETelectrostaticadsorption;VISORCOMMANCHA;Fornecedor;6;luan.amorim;04/11/202213:35:39;debora.gomes;04/11/202215:40:00;Aprovado
9833;PSALINHA10;2287;200209050000532;D188CblackswitchbuttonPR;COMPONENTEPSADANIFICADO;Fornecedor;4;luan.amorim;04/11/202213:39:07;debora.gomes;04/11/202215:40:02;Aprovado
9834;PSALINHA10;2287;2003180099N0756;ETIQUETAVOID8,00mmBRANCATECTOYREV00;COMPONENTEPSADANIFICADO;FasePSA;10;luan.amorim;04/11/202213:42:27;debora.gomes;04/11/202215:40:13;Aprovado
9836;PSALINHA10;2293;502200000000004;CABECAMAGNETICA,PARALEITURADECARTAOMAGNETICOGRAVADO,S9201/2/3;ERROLEITURACARTďż˝OMAG.(MSR);Fornecedor;1;luan.amorim;04/11/202213:49:28;debora.gomes;04/11/202215:40:10;Aprovado
9837;PSALINHA10;2293;200209080000047;footpadtransparentsiliconrubber.O.D8.5mm.height6mm;COMPONENTEPSADANIFICADO;Fornecedor9;luan.amorim;04/11/202213:51:47;debora.gomes;04/11/202215:40:16;Aprovado
9838;PSALINHA10;2293;200209080000046;footpadtransparentsiliconrubber.W5xL16xH2.5mm;SCRAP;Fornecedor;47;luan.amorim;04/11/202213:53:30;debora.gomes;04/11/202215:40:19;Aprovado
9839;PSALINHA09;2296;2002090100I0853;GABINETEFRONTALDEPLASTICOPRETOS920COMATELASENSIVELAOTOQUE;TOUCHSCREENNďż˝OATUA(TP);Fornecedor;6;jacqueline.taveira;04/11/202214:14:06;debora.gomes;04/11/202215:38:58;Aprovado
9840;PSALINHA09;2296;501400000000038;320X2403.5INCHS920TFTLCD;IMAGEMANORMAL;Fornecedor;5;jacqueline.taveira;04/11/202214:15:11;debora.gomes;04/11/202215:39:17;Aprovado
9841;PSALINHA09;2296;300100030000139;S920KEYMESHV03PCBKEYMESHDOMEcarbongranuleSplendid;TECLASNďż˝OATUAM;Fornecedor;3;jacqueline.taveira;04/11/202214:16:15;debora.gomes;04/11/202215:39:05;Aprovado
9842;PSALINHA09;2296;502100000000005;THERMALPRINTERM21SHC5.5OEVERLIGHTPRT;FALHANOTESTEIMPRESSďż˝O(PRN);Fornecedor;1;jacqueline.taveira;04/11/202214:17:06;debora.gomes;04/11/202215:39:09;Aprovado
9843;PSALINHA09;2296;200212000000237;S920AP62122.4GHZV042.4GANTENNAFPCYIJIA;ANTENAADESIVADANIFICADA;FasePSA;2;jacqueline.taveira;04/11/202214:19:07;debora.gomes;04/11/202215:39:21;Aprovado
9844;PSALINHA09;2296;2002090200N0055;GABINETETRASEIRODEPLASTICOS920PRETO17LB;GABINETETRASEIROCOMRISCO;FasePSA;2;jacqueline.taveira;04/11/202214:19:57;debora.gomes;04/11/202215:39:27;Aprovado
9845;PSALINHA12;2297;200202000000187;LCD240x3202.4inch8BitTFTD190LCMVTT024QVB21Code28BRILLIANT;COMPONENTEFORADOPADRďż˝O;Fornecedor;16;jose.junior;04/11/202214:22:15;debora.gomes;04/11/202215:40:36;Aprovado
9846;PSALINHA12;2297;20030500AHN0118;CAIXAINDIVIDUALCOMBERCOACOPLADOGETNETMPOSD195TECTOYREV00FR;COMPONENTEFORADOPADRďż˝O;Fornecedor;2;jose.junior;04/11/202214:29:33;debora.gomes;04/11/202215:40:39;Aprovado
9847;PSALINHA12;2297;502200000000007;D190MAGV01/V03MAGNETICREADER1/2/3TRACKS;COMPONENTEFORADOPADRďż˝O;Fornecedor;5;jose.junior;04/11/202214:30:40;debora.gomes;04/11/202215:40:53;Aprovado
9848;PSALINHA12;2297;502200000000007;D190MAGV01/V03MAGNETICREADER1/2/3TRACKS;COMPONENTEPSADANIFICADO;FasePSA;3;jose.junior;04/11/202214:31:23;debora.gomes;04/11/202215:40:42;Aprovado
9849;PSALINHA12;2297;502200000000007;D190MAGV01/V03MAGNETICREADER1/2/3TRACKS;COMPONENTEPSADANIFICADO;FasePSA;2;jose.junior;04/11/202214:32:16;debora.gomes;04/11/202215:40:45;Aprovado
9850;PSALINHA12;2297;300100160000133;D195KEYMESHV01PCBKEYMESHDOMECARBONGRANULESPLENDID;COMPONENTEFORADOPADRďż˝O;Fornecedor;2;jose.junior;04/11/202214:32:56;debora.gomes;04/11/202215:40:48;Aprovado
9851;PSALINHA12;2297;200209130000049;PLASTICD195ENGLISHGREYKEYS;COMPONENTEFORADOPADRďż˝O;Fornecedor;1;jose.junior;04/11/202214:35:19;debora.gomes;04/11/202215:40:55;Aprovado
9852;PSALINHA12;2297;200202000000227;LCD240x3202.4inch8BitD190LCMJT0062502JingXun;COMPONENTEPSADANIFICADO;FasePSA;2;jose.junior;04/11/202214:35:55;debora.gomes;04/11/202215:40:58;Aprovado
9853;PSALINHA12;2297;200209040000080;PlasticD190blackscankeypr.surfaceetch;COMPONENTEPSADANIFICADO;FasePSA9;jose.junior;04/11/202214:36:48;debora.gomes;04/11/202215:41:05;Aprovado
9854;PSALINHA12;2297;200209040000079;PlasticD190blackswitchkeypr.surfaceetch;COMPONENTEFORADOPADRďż˝O;Fornecedor;5;jose.junior;04/11/202214:37:32;debora.gomes;04/11/202215:41:02;Aprovado
9855;PSALINHA12;2297;200202000000227;LCD240x3202.4inch8BitD190LCMJT0062502JingXun;COMPONENTEFORADOPADRďż˝O;Fornecedor;3;jose.junior;04/11/202214:40:02;debora.gomes;04/11/202215:41:11;Aprovado
9856;PSALINHA12;2297;2002090200N0816;GABINETETRASEIROD195COMTARJAGETNETPANTONE485C;COMPONENTEPSADANIFICADO;FasePSA;2;jose.junior;04/11/202214:41:01;debora.gomes;04/11/202215:41:08;Aprovado
9857;PSALINHA12;2297;2003180000N0470;LABELFRONTALD195GETNET;COMPONENTEFORADOPADRďż˝O;Fornecedor;23;jose.junior;04/11/202214:46:15;debora.gomes;04/11/202215:41:18;Aprovado
9858;PSALINHA12;2297;2003180000N0470;LABELFRONTALD195GETNET;COMPONENTEPSADANIFICADO;FasePSA;6;jose.junior;04/11/202214:46:54;debora.gomes;04/11/202215:41:22;Aprovado
9859;PSALINHA12;2297;200209120000126;PlasticD190LCDleftbracketBRPC/ABS,lg5001rfg,brightside,zebr;COMPONENTEFORADOPADRďż˝O;Fornecedor;1;jose.junior;04/11/202214:47:49;debora.gomes;04/11/202215:41:25;Aprovado
9860;PSALINHA09;2296;2002090200N0055;GABINETETRASEIRODEPLASTICOS920PRETO17LB;GABINETEFRONTALCOMRISCO;FasePSA;1;jacqueline.taveira;04/11/202214:56:09;debora.gomes;04/11/202215:39:32;Aprovado
9869;PSALINHA13;2297;2002090100I1003;GABINETEFRONTALD195GETNETLENSWP;VISORCOMRISCO;Fornecedor;10;brenda.santos;04/11/202215:26:13;debora.gomes;04/11/202215:41:36;Aprovado
9871;PSALINHA13;2297;200202000000187;LCD240x3202.4inch8BitTFTD190LCMVTT024QVB21Code28BRILLIANT;COMPONENTESMDDANIFICADO;FasePSA;26;brenda.santos;04/11/202215:30:29;debora.gomes;04/11/202215:41:40;Aprovado
9872;PSALINHA13;2297;200202000000187;LCD240x3202.4inch8BitTFTD190LCMVTT024QVB21Code28BRILLIANT;COMPONENTESMDDANIFICADO;Fornecedor;5;brenda.santos;04/11/202215:31:05;debora.gomes;04/11/202215:41:33;Aprovado
9873;PSALINHA13;2297;2002090100I1003;GABINETEFRONTALD195GETNETLENSWP;COMPONENTESMDDANIFICADO;FasePSA;1;brenda.santos;04/11/202215:33:14;debora.gomes;04/11/202215:41:44;Aprovado
9874;PSALINHA13;2297;2002090100I1003;GABINETEFRONTALD195GETNETLENSWP;COMPONENTESMDDANIFICADO;FasePSA;1;brenda.santos;04/11/202215:33:47;debora.gomes;04/11/202215:41:48;Aprovado
9875;PSALINHA13;2297;200202000000187;LCD240x3202.4inch8BitTFTD190LCMVTT024QVB21Code28BRILLIANT;COMPONENTESMDALTERADO;PaxChina;1;brenda.santos;04/11/202215:34:11;debora.gomes;04/11/202215:41:56;Aprovado
9876;PSALINHA13;2297;200202000000187;LCD240x3202.4inch8BitTFTD190LCMVTT024QVB21Code28BRILLIANT;COMPONENTESMDDANIFICADO;Callidus;2;brenda.santos;04/11/202215:34:52;debora.gomes;04/11/202215:41:52;Aprovado
9877;PSALINHA13;2297;200202000000227;LCD240x3202.4inch8BitD190LCMJT0062502JingXun;COMPONENTESMDDANIFICADO;FasePSA;4;brenda.santos;04/11/202215:35:24;debora.gomes;04/11/202215:42:00;Aprovado
9878;PSALINHA13;2297;300100160000133;D195KEYMESHV01PCBKEYMESHDOMECARBONGRANULESPLENDID;COMPONENTESMDALTERADO;PaxChina;3;brenda.santos;04/11/202215:35:55;debora.gomes;04/11/202215:42:08;Aprovado
9879;PSALINHA13;2297;502200000000007;D190MAGV01/V03MAGNETICREADER1/2/3TRACKS;COMPONENTESMDALTERADO;PaxChina;5;brenda.santos;04/11/202215:36:29;debora.gomes;04/11/202215:42:12;Aprovado
9880;PSALINHA13;2297;301001000000009;BUTTONCELLM0514HLF.CR20323.0V225MAHBUTTONCELL;COMPONENTESMDDANIFICADO;PaxChina;1;brenda.santos;04/11/202215:38:23;debora.gomes;04/11/202215:42:04;Aprovado
9882;PSALINHA13;2297;200209040000079;PlasticD190blackswitchkeypr.surfaceetch;COMPONENTESMDDANIFICADO;FasePSA;4;brenda.santos;04/11/202215:40:13;debora.gomes;04/11/202215:42:23;Aprovado
9883;PSALINHA13;2297;200209040000080;PlasticD190blackscankeypr.surfaceetch;COMPONENTESMDDANIFICADO;FasePSA;4;brenda.santos;04/11/202215:40:47;debora.gomes;04/11/202215:42:19;Aprovado